Nama,Harga,Terjual,Lokasi
"Apple MacBook Air 13.3 inch 8GB, 256GB, 8 Core CPU Apple M1 Chip, Space Gray",16.199.000,293 Terjual,KOTA JAKARTA SELATAN
"Apple MacBook Air (13.3 inci, M1 2020)  8GB RAM, 256GB SSD, Gold",17.199.000,36 Terjual,KOTA JAKARTA UTARA
"Apple MacBook Air (13.3 inci, M1 2020)  8GB RAM, 256GB SSD, Space Grey",17.199.000,41 Terjual,KOTA JAKARTA UTARA
"Apple MacBook Pro 16-inch 16GB, 1TB, 2.3GHz Space Gray",43.799.000,8 Terjual,KOTA JAKARTA SELATAN
"Apple MacBook Pro 16inch 16GB, 1TB, 2.3GHz Silver",39.699.000,3 Terjual,KOTA JAKARTA SELATAN
"Apple MacBook Pro (14 inci, M1, 2021) 8C CPU, 14C GPU, 512GB, Space Grey",31.799.000,8 Terjual,KOTA JAKARTA UTARA
"Apple MacBook Pro (14 inci, M1, 2021) 10C CPU, 16C GPU, 1TB, Silver",38.899.000,,KOTA JAKARTA UTARA
"Apple MacBook Pro 14 inch with 16GB, 1TB, 16 Core GPU Apple M1 Pro Chip, Space Gray",35.999.000,2 Terjual,KOTA JAKARTA SELATAN
"Apple MacBook Pro (14 inci, M1, 2021) 10C CPU, 16C GPU, 1TB, Space Grey",40.399.000,1 Terjual,KOTA JAKARTA UTARA
"Apple MacBook Pro 14 inch with 16GB, 512GB, 14 Core GPU Apple M1 Pro Chip, Silver",29.799.000,4 Terjual,KOTA JAKARTA SELATAN
"Apple MacBook Pro 14 inch with 16GB, 512GB, 14 Core GPU Apple M1 Pro Chip, Space Gray",29.799.000,9 Terjual,KOTA JAKARTA SELATAN
"Apple MacBook Pro (14 inci, M1, 2021) 10C CPU, 16C GPU, 1TB, Silver",40.399.000,,KOTA JAKARTA UTARA
"Apple MacBook Pro (14 inci, M1, 2021) 10C CPU, 16C GPU, 1TB, Space Grey",38.899.000,12 Terjual,KOTA JAKARTA UTARA
Apple 60W MagSafe 2 Power Adapter (MacBook Pro with 13inci Retina display),1.299.000,357 Terjual,KOTA JAKARTA UTARA
Apple 45W MagSafe 2 Power Adapter for MacBook Air,1.599.000,37 Terjual,KOTA JAKARTA UTARA
Monocozzi Lucid Translucent Hard Shell MacBook Air 13 Touch ID - Black,649.000,31 Terjual,KOTA JAKARTA UTARA
Monocozzi Lucid Translucent Hard Shell MacBook Pro 13 Touch Bar - White,649.000,44 Terjual,KOTA JAKARTA UTARA
Apple 60W MagSafe 2 Power Adapter (MacBook Pro with 13inci Retina display),1.599.000,31 Terjual,KOTA JAKARTA UTARA
Rivacase Sleeve MacBook Pro 13 inch - Blue,449.000,11 Terjual,KOTA JAKARTA UTARA
"IT Multi Port 8 in 1 Hub with USB-C cable for Macbook, iPad, PC and Tablet",1.299.000,9 Terjual,KOTA JAKARTA UTARA
"IT Multi Port 5 in 1 Hub with USB-C cable for Macbook, iPad, PC and Tablet",999.000,5 Terjual,KOTA JAKARTA UTARA
Monocozzi Lucid Translucent Hard Shell MacBook Air 13 Touch Bar - Black,649.000,11 Terjual,KOTA JAKARTA UTARA
ibacks Macbook Air Case M1 2020 - Grey,799.000,2 Terjual,KOTA JAKARTA UTARA
MACBOOK PRO CORE I5 RAM 8 SSD 128GB HDD500GB MD101 BIGSUR MULUS,3.690.000,525 Terjual,KAB. KARANGANYAR
MacBook Pro Mid 2012 Core i5 RAM 4GB 8GB HDD 500GB SSD 128GB 256GB 13.3 Inch,3.250.000,6 Terjual,KOTA JAKARTA BARAT
"Apple MacBook Pro (13.3 inci, M2, 2022) 8C CPU, 10C GPU, 256GB, Space Grey",20.999.000,63 Terjual,KOTA JAKARTA UTARA
"MACBOOK AIR 13"" 2017 RAM 8 SSD 128//256 GB SECOND ORIGINAL",3.300.000,92 Terjual,KOTA BANDUNG
"ORIGINAL Macbook PRO 2022 M2 / M1 13.3"" RETINA TOUCH-BAR  EX DISPLAY / SECOND - LIKE NEW",15.200.000,37 Terjual,KOTA JAKARTA PUSAT
PROMO MacBook Pro Non Touchbar 13 inch 2017 Core i5 2.3Ghz Ram 8 GB Ssd 256 GB SECOND,6.992.000,11 Terjual,KOTA JAKARTA PUSAT
MacBook Pro 2017 Retina Core i5 RAM 8GB SSD 256GB 13.3 Inch,8.200.000,4 Terjual,KOTA JAKARTA BARAT
MACBOOK AIR 2020 RETINA RAM 8GB SSD 128GB INTEL IRIS PRO ULTRASLIM,8.450.000,36 Terjual,KAB. KARANGANYAR
Macbook Air m1 2020 Ram 8Gb Ssd 256Gb Mulus,7.850.000,55 Terjual,KOTA JAKARTA SELATAN
Macbook Pro M1 2020 13 Inch 8/256GB 8/512GB Space Grey Gray Silver,16.399.000,11 Terjual,KOTA JAKARTA PUSAT
OBRAL MACBOOK AIR 11 TH 2015 CORE i5 RAM 4GB SSD 128GB OS MONTEREY GARANSI,3.850.000,240 Terjual,KAB. KARANGANYAR
"MacBook Pro 2022 M2 Chip 13"" Inch 512GB 256GB RAM 8GB not 2nd Second Like New",18.880.000,55 Terjual,KOTA JAKARTA PUSAT
SALE Macbook Pro Non Touchbar 13-inch 2017 Two Thunderbolt 3 port Core i5 2.3ghz - Ram 8GB,7.360.000,9 Terjual,KOTA JAKARTA PUSAT
Macbook Retina 13 inch 2020  Bisa Instant Kurir,4.800.000,156 Terjual,KOTA JAKARTA SELATAN
MB Air Retina 13 2020 2019 2018 2017 - Second,6.999.000,2 Terjual,KOTA JAKARTA PUSAT
Macbook Retina 12 inch 2017 intel Core m3 Ram 8gb ssd 256/512gb Ready instant Kurir,3.000.000,26 Terjual,KOTA JAKARTA SELATAN
"MACBOOK PRO RETINA 13"" 2015 RAM 8//16 GB SSD 128//256//512 GB SECOND ORIGINAL",4.000.000,65 Terjual,KOTA BANDUNG
Macbook Pro M1 2020 13inch Ram 8/16GB SSD 2TB/1TB/512GB/256G,13.795.000,1 Terjual,KOTA JAKARTA BARAT
MACBOOK AIR 2017 CORE i5 RAM 8GB SSD 128GB 13 INCHI OS MONTEREY GARANSI,5.890.000,147 Terjual,KAB. KARANGANYAR
OBRAL ..MACBOOK AIR 11 INCH 2013 ..INTEL CORE I5 ..SSD 128 ia,3.100.000,257 Terjual,KOTA JAKARTA BARAT
Macbook Pro 2012  MD101 13in Core i5 16GB SSD 256GB,3.199.000,211 Terjual,KOTA BEKASI
Macbook Air 2017 13 inch intel Core i7 // i5 Ram 8Gb Ssd 128 / 256Gb,3.000.000,95 Terjual,KOTA JAKARTA SELATAN
"Laptop MacBook Air 2022 M2 Chip 13"" Inch 512GB 256GB RAM 8GB not 2nd Second Like New",17.938.000,57 Terjual,KOTA JAKARTA PUSAT
Second Macbook Air 13inch 2017 SILVER Ci5 - Ram 8GB - SSD 128GB,4.800.000,28 Terjual,KOTA JAKARTA PUSAT
Second Macbook Pro Retina 13inch Early 2015 Core i7 3.1GHz Ram 16GB SSD 256 GB,8.500.000,11 Terjual,KOTA JAKARTA PUSAT
MACBOOK PRO CORE I5 SSD 256 RAM 8 GB SPESIAL GAME DAN DESAIN,3.750.000,6 Terjual,KOTA JAKARTA PUSAT
promo Second Macbook Pro 13inch Non Touchbar 2016 Grey atau silver Two Thunderbolt 3 Port,6.764.000,13 Terjual,KOTA JAKARTA PUSAT
Laptop original Macbook  - ram 4gb - Ssd - Vga Nvidia GeForce 9400m,2.700.000,40 Terjual,KAB. JEPARA
MACBOOK PRO 2020 TOUCHBAR CORE i7 RAM 16GB SSD 512GB CTO/BTO INTEL IRIS RETINA,10.950.000,6 Terjual,KAB. KARANGANYAR
Second Hand Macbook Pro 13inch 2012 4gb/500gb/i5,4.600.000,5 Terjual,KAB. SLEMAN
Macbook Air M2 2022 512-256 Fullset Original,9.500.000,3 Terjual,KOTA JAKARTA SELATAN
"MACBOOK AIR 11"" 2015  RAM 4 SSD 128 SECOND ORIGINAL",3.700.000,119 Terjual,KOTA BANDUNG
,,,
,,,
,,,
,,,
,,,
